Id,class_0,class_1
00eed32682bb,0.9302912684728761,0.06970873152712383
010ebe33f668,0.9302912684728761,0.06970873152712383
02fa521e1838,0.9302912684728761,0.06970873152712383
040e15f562a2,0.9302912684728761,0.06970873152712383
046e85c7cc7f,0.9302912684728761,0.06970873152712383
